{
  "name": "mWebSockets",
  "version": "1.5.0",
  "description": "Simple to use implementation of WebSockets for microcontrollers",
  "keywords": "websockets,rfc6455,client,server,arduino,esp8266,esp32,samd,stm32,w5100,w5500,enc28j60,ethernet-shield",
  "repository": {
    "type": "git",
    "url": "https://github.com/skaarj1989/mWebSockets.git"
  },
  "authors": [
    {
      "name": "Dawid Kurek",
      "email": "skaarj1989@gmail.com",
      "url": "https://github.com/skaarj1989",
      "maintainer": true
    }
  ],
  "license": "MIT",
  "homepage": "https://skaarj1989.github.io/mWebSockets/autobahn-testsuite/servers/",
  "dependencies": {},
  "frameworks": "*",
  "platforms": "avr,esp8266,esp32,samd,stm32"
}
